<?xml version="1.0" encoding="UTF-8" standalone="yes"?>
<addon id="plugin.picture.sane-scanner" name="Kodi Sane Scanner" version="2.1.0"
	provider-name="Heckie">
	<extension point="xbmc.python.pluginsource" library="addon.py">
		<provides>image</provides>
	</extension>
	<extension point="xbmc.addon.metadata">
		<summary lang="en_gb">Kodi Sane Scanner</summary>
		<description lang="en_gb">A scan tool for Kodi based on sane</description>
		<disclaimer lang="en_gb"></disclaimer>
		<language></language>
		<platform>linux</platform>
		<license></license>
		<forum></forum>
		<website></website>
		<email></email>
		<source></source>
		<news>v2.0.0 (2021-02-20)
		- Migration to Kodi v19 alias Matrix
		</news>
		<assets>
			<icon>resources/icon.png</icon>
			<fanart></fanart>
			<screenshot>resources/assets/screenshot_1.png</screenshot>
			<screenshot>resources/assets/screenshot_2.png</screenshot>
			<screenshot>resources/assets/screenshot_3.png</screenshot>
			<screenshot>resources/assets/screenshot_settings_1.png</screenshot>
			<screenshot>resources/assets/screenshot_settings_2.png</screenshot>
			<screenshot>resources/assets/screenshot_settings_3.png</screenshot>						
		</assets>
	</extension>
</addon>