<?xml version="1.0" encoding="UTF-8" standalone="yes"?>
<addon id="plugin.picture.sane-scanner" name="Kodi Sane Scanner" version="3.1.0" provider-name="Heckie">
	<extension point="xbmc.python.pluginsource" library="addon.py">
		<provides>image</provides>
	</extension>
	<extension point="xbmc.addon.metadata">
		<summary lang="en_GB">Kodi Sane Scanner</summary>
		<description lang="en_GB">A scan tool for Kodi based on sane</description>
		<language>en</language>
		<language>de</language>
		<platform>linux</platform>
		<license>MIT</license>
		<website>https://github.com/Heckie75/kodi-addon-sane-scanner</website>
		<source>https://github.com/Heckie75/kodi-addon-sane-scanner</source>
		<news>
v3.1.0 (2025-03-08)
- Support of multiple email recipients

v3.0.1 (2024-10-10)
- automatically append pdf-file-extension if missing

v3.0.0 (2024-08-06)
- Browse folders in archive
- Preview other file types, e.g. PDF, images, video, audio and documents supported by LibreOffice
- Added email addressbook
- New file operations in archive, i.e. send, print, rename, delete
- Translations for English and German
- Refactoring

v2.1.1 (2024-07-31)
- new mode 'monochrome' for genesys backends

v2.0.0 (2021-02-20)
- Migration to Kodi v19 alias Matrix
		</news>
		<assets>
			<icon>resources/assets/icon.png</icon>
			<screenshot>resources/assets/screenshot_1.png</screenshot>
			<screenshot>resources/assets/screenshot_2.png</screenshot>
			<screenshot>resources/assets/screenshot_3.png</screenshot>
			<screenshot>resources/assets/screenshot_settings_1.png</screenshot>
			<screenshot>resources/assets/screenshot_settings_2.png</screenshot>
			<screenshot>resources/assets/screenshot_settings_3.png</screenshot>
		</assets>
	</extension>
</addon>
